ace,3
ant,3
arm,3
ash,3
axe,3
bad,3
bag,3
bar,3
bat,3
bed,3
bee,3
BMW,3
BMX,3
bow,3
box,3
boy,3
bus,3
can,3
cap,3
cat,3
cow,3
cup,3
cut,3
day,3
dew,3
die,3
dig,3
DNA,3
dog,3
ear,3
eat,3
eel,3
egg,3
emu,3
end,3
eye,3
flu,3
fly,3
fog,3
fox,3
fur,3
gas,3
gem,3
God,3
Gru,3
ham,3
hat,3
hen,3
hop,3
hot,3
hug,3
hut,3
ice,3
ivy,3
jaw,3
keg,3
key,3
KFC,3
lap,3
lid,3
log,3
low,3
map,3
mop,3
MTV,3
mud,3
mug,3
nun,3
nut,3
oar,3
oil,3
old,3
owl,3
pan,3
paw,3
pie,3
pig,3
pin,3
pot,3
pro,3
pub,3
ram,3
rat,3
red,3
rib,3
rug,3
run,3
sad,3
sea,3
sew,3
shy,3
sit,3
ski,3
sky,3
son,3
spy,3
sun,3
tea,3
tie,3
tip,3
toe,3
toy,3
tug,3
UFO,3
USB,3
wax,3
web,3
wig,3
zoo,3
gru,3
abs,3
AFK,3
age,3
air,3
amp,3
app,3
art,3
ATV,3
bay,3
BLT,3
bot,3
bra,3
bug,3
bun,3
car,3
cod,3
CPU,3
cry,3
dab,3
dam,3
den,3
dip,3
dry,3
dye,3
elf,3
elk,3
fan,3
fat,3
fig,3
fry,3
gag,3
gap,3
GTA,3
gum,3
gun,3
gym,3
hit,3
hoe,3
imp,3
ink,3
jam,3
jar,3
job,3
joy,3
jug,3
LAN,3
Mac,3
man,3
moo,3
mow,3
NBA,3
new,3
NFL,3
nod,3
oak,3
pad,3
pen,3
pho,3
pop,3
Pug,3
rag,3
rap,3
rim,3
row,3
saw,3
sip,3
soy,3
SUV,3
tax,3
tee,3
urn,3
USA,3
van,3
war,3
wet,3
wok,3
WWE,3
ammo,4
army,4
aunt,4
back,4
band,4
bass,4
bath,4
bend,4
blow,4
body,4
bone,4
boss,4
buff,4
bump,4
buoy,4
burn,4
bush,4
cafe,4
calf,4
call,4
camp,4
card,4
carp,4
cart,4
case,4
cent,4
chip,4
chug,4
city,4
clam,4
clip,4
club,4
code,4
cook,4
cure,4
dark,4
dawn,4
dill,4
dirt,4
dish,4
dive,4
Doge,4
Dory,4
dove,4
down,4
drag,4
drug,4
dumb,4
dump,4
dune,4
dusk,4
edge,4
exit,4
fart,4
Fifa,4
file,4
fire,4
fist,4
flat,4
flex,4
flop,4
flow,4
foam,4
fold,4
foot,4
fuel,4
game,4
give,4
gong,4
grey,4
hail,4
herd,4
high,4
hold,4
hole,4
hood,4
hour,4
howl,4
Iran,4
itch,4
Jaws,4
Jedi,4
jump,4
kick,4
kill,4
kilt,4
koto,4
lead,4
leek,4
left,4
liar,4
list,4
Loki,4
look,4
loop,4
loss,4
loud,4
lute,4
mace,4
mail,4
mane,4
many,4
math,4
mean,4
menu,4
mist,4
moat,4
mule,4
neon,4
news,4
noon,4
note,4
oboe,4
ogre,4
oven,4
pair,4
Peru,4
Pong,4
pool,4
pork,4
port,4
pull,4
pump,4
purr,4
push,4
rage,4
rare,4
rich,4
riot,4
ripe,4
road,4
robe,4
rope,4
save,4
seat,4
shin,4
ship,4
sign,4
sled,4
slip,4
smug,4
song,4
soot,4
spam,4
spot,4
spur,4
stem,4
stew,4
stop,4
suck,4
suit,4
sumo,4
talk,4
tall,4
team,4
tide,4
tile,4
tipi,4
tofu,4
tool,4
town,4
tram,4
tray,4
trip,4
turn,4
tutu,4
vape,4
vase,4
veil,4
vest,4
wash,4
whip,4
wink,4
wish,4
wood,4
wrap,4
yarn,4
year,4
yoga,4
zuma,4
worm,4
rice,4
reed,4
pain,4
nose,4
farm,4
bull,4
acid,4
ABBA,4
Zuma,4
zoom,4
Zeus,4
yolk,4
Yoda,4
yeti,4
yawn,4
Xbox,4
work,4
wool,4
wolf,4
wire,4
wing,4
wine,4
wind,4
wife,4
west,4
well,4
weak,4
wave,4
wasp,4
wart,4
warm,4
wall,4
walk,4
vote,4
vise,4
vine,4
vent,4
vein,4
undo,4
type,4
twig,4
turd,4
tuna,4
tuba,4
tree,4
trap,4
tomb,4
toad,4
tire,4
tiny,4
thug,4
Thor,4
thin,4
text,4
tent,4
tear,4
taxi,4
tape,4
tank,4
tail,4
taco,4
swan,4
swag,4
step,4
star,4
stab,4
spit,4
spin,4
soup,4
soil,4
soda,4
soap,4
snow,4
slow,4
slam,4
skin,4
sink,4
sing,4
silo,4
sick,4
shop,4
shoe,4
seed,4
seal,4
scar,4
sand,4
salt,4
sale,4
safe,4
rune,4
ruby,4
rose,4
root,4
room,4
roof,4
Rome,4
roll,4
rock,4
risk,4
ring,4
Rick,4
rest,4
read,4
ramp,4
rake,4
rain,4
rail,4
raft,4
race,4
punk,4
puma,4
pray,4
pope,4
poor,4
poop,4
pony,4
pond,4
polo,4
poke,4
plug,4
plow,4
pipe,4
pink,4
pine,4
pill,4
pike,4
peas,4
pear,4
path,4
park,4
palm,4
page,4
oval,4
Oreo,4
orca,4
open,4
Olaf,4
nuke,4
noob,4
Nike,4
nest,4
nerd,4
Nemo,4
neck,4
navy,4
Nasa,4
nail,4
moth,4
moss,4
moon,4
monk,4
mole,4
mold,4
mint,4
mime,4
milk,4
meme,4
melt,4
meat,4
meal,4
maze,4
mask,4
Mars,4
mall,4
maid,4
lynx,4
lung,4
luck,4
love,4
loot,4
logo,4
lock,4
loaf,4
lips,4
lion,4
link,4
line,4
lime,4
lily,4
lens,4
legs,4
Lego,4
leak,4
leaf,4
lava,4
lane,4
lamp,4
lamb,4
lake,4
lady,4
knot,4
knee,4
kiwi,4
kite,4
kiss,4
king,4
jeep,4
jazz,4
JayZ,4
jail,4
iron,4
iPad,4
Ikea,4
idea,4
hurt,4
Hulk,4
hose,4
horn,4
hook,4
hoof,4
hive,4
hill,4
hero,4
hell,4
heel,4
heat,4
head,4
harp,4
hard,4
hand,4
halo,4
half,4
hair,4
grin,4
grid,4
good,4
golf,4
gold,4
goat,4
goal,4
glue,4
glow,4
girl,4
gift,4
germ,4
gate,4
gasp,4
gang,4
full,4
frog,4
fort,4
fork,4
food,4
foil,4
flea,4
flag,4
fizz,4
fish,4
Finn,4
fern,4
fast,4
fall,4
face,4
exam,4
Elsa,4
Elmo,4
echo,4
east,4
duel,4
duck,4
drum,4
drip,4
dots,4
Dora,4
door,4
dome,4
doll,4
dock,4
diva,4
diet,4
dice,4
desk,4
derp,4
dent,4
deer,4
deep,4
deaf,4
dead,4
cute,4
cube,4
Cuba,4
crow,4
crab,4
corn,4
cork,4
cord,4
copy,4
cone,4
comb,4
cold,4
cola,4
coin,4
coat,4
coal,4
clay,4
claw,4
clap,4
chin,4
chew,4
chef,4
cell,4
cave,4
cast,4
cash,4
cape,4
cake,4
cage,4
burp,4
bowl,4
book,4
bomb,4
boil,4
boat,4
boar,4
blue,4
bite,4
bird,4
bill,4
belt,4
bell,4
beet,4
beer,4
beef,4
bear,4
bean,4
beak,4
base,4
barn,4
bark,4
bank,4
ball,4
bald,4
bait,4
baby,4
Audi,4
atom,4
Asia,4
arch,4
afro,4
acne,4
abyss,5
AC/DC,5
acorn,5
actor,5
adult,5
alarm,5
alien,5
alley,5
angel,5
angry,5
anime,5
anvil,5
Apple,5
armor,5
arrow,5
attic,5
bacon,5
bagel,5
Bambi,5
banjo,5
beach,5
belly,5
below,5
bench,5
Bible,5
bingo,5
birch,5
black,5
blimp,5
blind,5
blood,5
blush,5
board,5
boots,5
brain,5
brand,5
bread,5
brick,5
bride,5
broom,5
brush,5
bulge,5
bunny,5
cabin,5
camel,5
cello,5
chain,5
chair,5
chalk,5
cheek,5
chess,5
chest,5
child,5
chime,5
China,5
clean,5
cliff,5
climb,5
cloak,5
clock,5
cloth,5
cloud,5
clown,5
coach,5
coast,5
cobra,5
comet,5
coral,5
crack,5
crate,5
cream,5
crust,5
Cupid,5
curry,5
daisy,5
dance,5
darts,5
demon,5
dirty,5
dizzy,5
dough,5
drain,5
drama,5
dream,5
dress,5
drink,5
drive,5
drool,5
Dumbo,5
dwarf,5
eagle,5
Earth,5
Egypt,5
elbow,5
elder,5
emoji,5
error,5
fairy,5
Fanta,5
fence,5
field,5
Flash,5
flask,5
flock,5
fluid,5
flush,5
flute,5
frame,5
fries,5
frown,5
fruit,5
funny,5
genie,5
ghost,5
giant,5
glass,5
globe,5
gloss,5
glove,5
gnome,5
Goofy,5
goose,5
graph,5
grass,5
grave,5
greed,5
grill,5
groom,5
gummy,5
hairy,5
happy,5
heart,5
heist,5
hippo,5
honey,5
horse,5
hotel,5
house,5
hyena,5
India,5
Intel,5
Italy,5
Japan,5
jeans,5
jello,5
jelly,5
Jenga,5
joker,5
judge,5
juice,5
kazoo,5
kebab,5
Kirby,5
kneel,5
knife,5
koala,5
label,5
laser,5
lasso,5
leash,5
leave,5
leech,5
lemon,5
lemur,5
limbo,5
llama,5
loser,5
Luigi,5
macho,5
mafia,5
magic,5
magma,5
Mario,5
match,5
mayor,5
melon,5
messy,5
metal,5
miner,5
model,5
money,5
moose,5
Morty,5
mouse,5
mouth,5
movie,5
Mummy,5
night,5
ninja,5
north,5
Notch,5
novel,5
nurse,5
ocean,5
onion,5
opera,5
orbit,5
organ,5
otter,5
paint,5
panda,5
pants,5
paper,5
Paris,5
party,5
pasta,5
patio,5
pause,5
peace,5
peach,5
pedal,5
penny,5
Pepsi,5
petal,5
piano,5
pilot,5
pinky,5
pizza,5
plank,5
plate,5
Pluto,5
point,5
poppy,5
porch,5
pound,5
prawn,5
prism,5
prune,5
Pumba,5
purse,5
queen,5
queue,5
quill,5
quilt,5
radar,5
radio,5
razor,5
reeds,5
river,5
robin,5
robot,5
royal,5
ruler,5
salad,5
Santa,5
sauce,5
sauna,5
scarf,5
scary,5
scent,5
scoop,5
score,5
screw,5
scuba,5
shake,5
shape,5
shark,5
sheep,5
shelf,5
shell,5
shirt,5
shock,5
short,5
shout,5
Shrek,5
shrew,5
shrub,5
skull,5
skunk,5
Skype,5
sleep,5
slide,5
slime,5
slope,5
sloth,5
slump,5
smell,5
smile,5
smoke,5
snail,5
snake,5
socks,5
Sonic,5
sound,5
south,5
space,5
spade,5
Spain,5
spark,5
spear,5
spine,5
spool,5
spoon,5
spore,5
squid,5
stage,5
stamp,5
stand,5
Steam,5
sting,5
stone,5
stork,5
storm,5
stove,5
straw,5
study,5
sugar,5
sushi,5
swamp,5
swarm,5
sweat,5
swing,5
sword,5
table,5
Tails,5
taser,5
thief,5
think,5
thumb,5
tiger,5
tired,5
toast,5
tooth,5
torch,5
totem,5
touch,5
towel,5
tower,5
train,5
trend,5
T-rex,5
truck,5
tumor,5
udder,5
uncle,5
vault,5
Venus,5
video,5
viola,5
virus,5
vodka,5
vomit,5
waist,5
watch,5
water,5
whale,5
wheel,5
whisk,5
white,5
witch,5
W-LAN,5
world,5
wound,5
wrist,5
Xerox,5
x-ray,5
yacht,5
Yoshi,5
young,5
yo-yo,5
zebra,5
Zelda,5
Zorro,5
above,5
algae,5
alone,5
amber,5
ankle,5
apple,5
apron,5
award,5
basil,5
beans,5
beard,5
beret,5
bidet,5
biker,5
bison,5
blaze,5
bling,5
block,5
bongo,5
bored,5
boxer,5
braid,5
brake,5
brawl,5
break,5
brown,5
build,5
bully,5
cable,5
canal,5
candy,5
canoe,5
cargo,5
carry,5
Catan,5
chaos,5
check,5
Chile,5
chili,5
chips,5
cigar,5
clamp,5
clerk,5
click,5
Clogs,5
close,5
cocoa,5
coder,5
Corgi,5
couch,5
court,5
cover,5
crane,5
crawl,5
crazy,5
creek,5
creep,5
crime,5
cross,5
crowd,5
crown,5
crumb,5
dairy,5
death,5
devil,5
diary,5
donut,5
drift,5
drill,5
drown,5
drunk,5
dryer,5
dunes,5
email,5
empty,5
ferry,5
fever,5
float,5
flood,5
floor,5
floss,5
flour,5
force,5
fresh,5
front,5
fudge,5
furry,5
gamer,5
gecko,5
ghoul,5
golem,5
gourd,5
grain,5
gravy,5
green,5
grits,5
groan,5
group,5
growl,5
guard,5
guiro,5
Hades,5
hatch,5
hedge,5
hijab,5
Honda,5
Hydra,5
idiot,5
kayak,5
ladle,5
laugh,5
level,5
light,5
lilac,5
liver,5
lobby,5
lorry,5
lunch,5
mango,5
maple,5
march,5
medal,5
merch,5
metro,5
muddy,5
music,5
Nepal,5
niece,5
noise,5
oasis,5
olive,5
ozone,5
pearl,5
pecan,5
penne,5
phone,5
photo,5
pixel,5
plane,5
plant,5
poker,5
power,5
press,5
price,5
prize,5
punch,5
puppy,5
pylon,5
quail,5
quiet,5
ramen,5
rifle,5
right,5
rodeo,5
Rolex,5
rough,5
round,5
ruins,5
salsa,5
Satan,5
scale,5
sedan,5
Seoul,5
sewer,5
share,5
shave,5
sheet,5
shoot,5
shrug,5
siren,5
sitar,5
skirt,5
slave,5
smart,5
snack,5
spank,5
speed,5
spend,5
spicy,5
spill,5
spray,5
squat,5
staff,5
stain,5
start,5
steak,5
steal,5
stick,5
stink,5
stock,5
stool,5
store,5
stump,5
sunny,5
Tesla,5
Texas,5
thick,5
thigh,5
thorn,5
Tibet,5
title,5
Tokyo,5
torso,5
tough,5
toxic,5
track,5
trade,5
trail,5
trash,5
troll,5
Trump,5
trunk,5
tulip,5
twins,5
Uluru,5
vinyl,5
wagon,5
Wales,5
Wario,5
wheat,5
whole,5
woman,5
abacus,6
Alaska,6
Amazon,6
Arctic,6
artery,6
artist,6
Athena,6
Athens,6
author,6
autumn,6
banner,6
beggar,6
Berlin,6
biceps,6
bikini,6
blouse,6
bonnet,6
bonsai,6
bottom,6
Bowser,6
boxcar,6
boxing,6
broken,6
Buddha,6
buffer,6
buffet,6
bunker,6
cancer,6
carbon,6
cashew,6
castle,6
casual,6
cavern,6
celery,6
center,6
cereal,6
cheers,6
chives,6
chorus,6
clinic,6
closed,6
closet,6
cloudy,6
cobweb,6
couple,6
cradle,6
crunch,6
damage,6
Danish,6
degree,6
dishes,6
eclair,6
eyelid,6
falcon,6
fedora,6
ferret,6
flight,6
follow,6
formal,6
friend,6
fungus,6
future,6
genius,6
ginger,6
glider,6
gloves,6
goalie,6
gopher,6
grease,6
gutter,6
hearse,6
hearth,6
heaven,6
height,6
helium,6
Hermes,6
hiking,6
hoodie,6
ignite,6
iguana,6
impale,6
injury,6
insane,6
intern,6
jersey,6
juicer,6
keypad,6
locker,6
lonely,6
Louvre,6
luxury,6
mallet,6
manure,6
marker,6
meadow,6
median,6
memory,6
meteor,6
middle,6
mirage,6
modern,6
Moscow,6
Narnia,6
nephew,6
Nether,6
ocelot,6
online,6
outlaw,6
outlet,6
panini,6
pantry,6
pebble,6
period,6
pinata,6
piston,6
plains,6
pliers,6
Poland,6
police,6
pollen,6
possum,6
profit,6
pulley,6
purple,6
python,6
quiche,6
rapier,6
rattle,6
reaper,6
recipe,6
resort,6
Roblox,6
rotten,6
sailor,6
salami,6
salute,6
scales,6
scroll,6
selfie,6
sensor,6
Serbia,6
shades,6
Shaggy,6
shield,6
shogun,6
shorts,6
shrimp,6
signal,6
Snoopy,6
speech,6
spread,6
Sprite,6
sprout,6
squash,6
squeal,6
stable,6
Stalin,6
Stitch,6
Sweden,6
TARDIS,6
Thanos,6
TikTok,6
tinsel,6
Totoro,6
Toyota,6
trench,6
tundra,6
turban,6
turret,6
Twitch,6
Uganda,6
vector,6
Venice,6
violet,6
wallet,6
wasabi,6
weight,6
Tarzan,6
repeat,6
Grinch,6
gentle,6
Addida,6
zombie,6
zipper,6
zigzag,6
yogurt,6
yellow,6
writer,6
wrench,6
wreath,6
wizard,6
winter,6
winner,6
window,6
willow,6
wiggle,6
welder,6
weasel,6
weapon,6
wealth,6
walrus,6
walnut,6
Wall-e,6
waiter,6
waffle,6
vortex,6
voodoo,6
volume,6
vision,6
violin,6
victim,6
vanish,6
valley,6
vacuum,6
Uranus,6
Tweety,6
tuxedo,6
turtle,6
turnip,6
turkey,6
tunnel,6
trophy,6
tripod,6
toucan,6
tongue,6
tomato,6
toilet,6
tissue,6
tickle,6
ticket,6
throne,6
throat,6
thirst,6
Tetris,6
tennis,6
teapot,6
tattoo,6
target,6
tampon,6
tailor,6
tablet,6
switch,6
summer,6
Sudoku,6
subway,6
stylus,6
studio,6
strong,6
stress,6
street,6
stoned,6
stereo,6
statue,6
square,6
spring,6
sports,6
sponge,6
spiral,6
spider,6
sphinx,6
socket,6
soccer,6
sniper,6
sneeze,6
Slinky,6
sleeve,6
sledge,6
skinny,6
skates,6
silver,6
shower,6
shovel,6
shadow,6
server,6
sensei,6
Segway,6
seesaw,6
second,6
season,6
search,6
scythe,6
screen,6
scream,6
school,6
Saturn,6
salmon,6
saliva,6
safari,6
saddle,6
Russia,6
rubber,6
rocket,6
robber,6
ribbon,6
rewind,6
retail,6
remote,6
Reddit,6
record,6
rapper,6
raisin,6
radish,6
quokka,6
puzzle,6
purity,6
puppet,6
puffin,6
puddle,6
prison,6
prince,6
priest,6
preach,6
powder,6
potion,6
potato,6
poster,6
portal,6
Popeye,6
poodle,6
poison,6
pocket,6
player,6
planet,6
plague,6
pistol,6
pirate,6
pimple,6
pillow,6
pillar,6
pigsty,6
pigeon,6
picnic,6
pickle,6
person,6
pepper,6
pencil,6
peanut,6
Paypal,6
pastry,6
parrot,6
parade,6
papaya,6
palace,6
paddle,6
oyster,6
oxygen,6
orchid,6
orange,6
omelet,6
office,6
Obelix,6
nutmeg,6
nugget,6
Norway,6
noodle,6
nickel,6
needle,6
nature,6
NASCAR,6
napkin,6
nachos,6
musket,6
museum,6
muscle,6
muffin,6
Mozart,6
mother,6
monkey,6
Monday,6
mohawk,6
mirror,6
minute,6
Minion,6
Mexico,6
Medusa,6
mascot,6
marmot,6
market,6
marble,6
mantis,6
makeup,6
magnet,6
lyrics,6
lounge,6
lotion,6
London,6
lizard,6
leader,6
lawyer,6
laptop,6
ladder,6
kraken,6
knight,6
kitten,6
kidney,6
kettle,6
Kermit,6
katana,6
karate,6
jungle,6
juggle,6
jester,6
jaguar,6
jacket,6
Israel,6
island,6
iPhone,6
inside,6
insect,6
impact,6
icicle,6
hurdle,6
hunter,6
hunger,6
hockey,6
hobbit,6
hippie,6
hermit,6
helmet,6
health,6
hazard,6
Hawaii,6
harbor,6
hanger,6
handle,6
hammer,6
hacker,6
guitar,6
grumpy,6
Greece,6
gravel,6
grapes,6
Google,6
goblin,6
goatee,6
geyser,6
gender,6
garlic,6
garden,6
garage,6
Gandhi,6
galaxy,6
fridge,6
France,6
fossil,6
forest,6
folder,6
flower,6
finger,6
filter,6
faucet,6
father,6
farmer,6
family,6
facade,6
fabric,6
Europe,6
eskimo,6
eraser,6
engine,6
Eminem,6
embers,6
Easter,6
earwax,6
driver,6
drawer,6
dragon,6
double,6
donkey,6
dollar,6
doctor,6
dinner,6
diaper,6
Dexter,6
desert,6
Darwin,6
dagger,6
cymbal,6
cyborg,6
cuckoo,6
cruise,6
cringe,6
credit,6
crayon,6
coyote,6
cowboy,6
cousin,6
cotton,6
corpse,6
corner,6
copper,6
cookie,6
comedy,6
collar,6
coffin,6
coffee,6
cocoon,6
clover,6
circus,6
circle,6
cinema,6
cicada,6
church,6
Chrome,6
cherry,6
cheese,6
cheeks,6
cement,6
caviar,6
casino,6
carrot,6
carpet,6
canyon,6
cannon,6
candle,6
canary,6
Canada,6
camera,6
cactus,6
button,6
butter,6
butler,6
bumper,6
bullet,6
bucket,6
bubble,6
bruise,6
bronze,6
bridge,6
breath,6
Brazil,6
branch,6
braces,6
bounce,6
bottle,6
border,6
booger,6
bleach,6
betray,6
bellow,6
beetle,6
beaver,6
beanie,6
battle,6
Batman,6
basket,6
barrel,6
barber,6
banker,6
banana,6
bamboo,6
ballet,6
bakery,6
badger,6
baboon,6
armpit,6
archer,6
Anubis,6
anchor,6
alpaca,6
almond,6
airbag,6
Africa,6
Adidas,6
action,6
airport,7
Aladdin,7
alcohol,7
allergy,7
America,7
Android,7
antenna,7
anthill,7
apricot,7
assault,7
Asterix,7
athlete,7
avocado,7
baklava,7
balance,7
balcony,7
balloon,7
bandage,7
bandana,7
barcode,7
bathtub,7
battery,7
bayonet,7
bazooka,7
beatbox,7
bed bug,7
bedtime,7
bicycle,7
Big Ben,7
biology,7
biscuit,7
Bitcoin,7
blanket,7
blender,7
bobsled,7
bouncer,7
bowling,7
brownie,7
burglar,7
burrito,7
butcher,7
cabinet,7
camping,7
captain,7
cartoon,7
catalog,7
catfish,7
caveman,7
ceiling,7
centaur,7
charger,7
cheetah,7
chicken,7
chimney,7
coaster,7
coconut,7
compass,7
concert,7
console,7
country,7
cowbell,7
Creeper,7
cricket,7
Croatia,7
crowbar,7
crystal,7
cupcake,7
curtain,7
cushion,7
defense,7
dentist,7
dessert,7
diagram,7
diamond,7
diploma,7
Discord,7
disease,7
dishrag,7
display,7
divorce,7
dolphin,7
Doritos,7
Dracula,7
droplet,7
drought,7
earbuds,7
eclipse,7
emerald,7
England,7
equator,7
evening,7
eyebrow,7
eyelash,7
factory,7
failure,7
feather,7
fencing,7
Ferrari,7
firefly,7
fireman,7
Florida,7
florist,7
fortune,7
freezer,7
funeral,7
Gandalf,7
garbage,7
Germany,7
giraffe,7
glasses,7
glitter,7
gorilla,7
gravity,7
grenade,7
Gumball,7
haircut,7
hammock,7
hamster,7
harpoon,7
hashtag,7
heading,7
hexagon,7
highway,7
hip hop,7
holiday,7
horizon,7
hot dog,7
husband,7
iceberg,7
Ireland,7
janitor,7
jet ski,7
journey,7
karaoke,7
kendama,7
ketchup,7
kitchen,7
knuckle,7
Kung Fu,7
ladybug,7
lantern,7
Lasagna,7
laundry,7
leather,7
lettuce,7
library,7
lighter,7
lilypad,7
loading,7
lobster,7
lottery,7
luggage,7
machine,7
mailbox,7
mailman,7
mammoth,7
manatee,7
manhole,7
mansion,7
maracas,7
massage,7
meerkat,7
Mercury,7
mermaid,7
message,7
milkman,7
minivan,7
missile,7
monster,7
morning,7
Mr Bean,7
mustard,7
narwhal,7
Neptune,7
network,7
notepad,7
nothing,7
Nutella,7
octagon,7
octopus,7
origami,7
ostrich,7
outside,7
Pac-Man,7
pajamas,7
palette,7
pancake,7
panther,7
parents,7
parking,7
patient,7
Patrick,7
patriot,7
peacock,7
peasant,7
pelican,7
penguin,7
perfume,7
Picasso,7
pickaxe,7
Pikachu,7
pinball,7
plumber,7
plunger,7
Pokemon,7
popcorn,7
popular,7
present,7
pretzel,7
printer,7
protest,7
provoke,7
pudding,7
pumpkin,7
pyramid,7
quarter,7
raccoon,7
racecar,7
rainbow,7
ravioli,7
reality,7
referee,7
reptile,7
Romania,7
rooster,7
Samsung,7
sandbox,7
sausage,7
science,7
seafood,7
seagull,7
seasick,7
seaweed,7
shallow,7
shampoo,7
shoebox,7
shotgun,7
silence,7
skyline,7
snowman,7
soldier,7
spatula,7
speaker,7
spinach,7
spoiler,7
stadium,7
stapler,7
stomach,7
student,7
sunburn,7
sunrise,7
surface,7
surgeon,7
sweater,7
tadpole,7
teacher,7
thunder,7
timpani,7
Titanic,7
toaster,7
toenail,7
toolbox,7
top hat,7
tornado,7
torpedo,7
tourist,7
tractor,7
traffic,7
trailer,7
trigger,7
trumpet,7
Twitter,7
Ukraine,7
ukulele,7
unibrow,7
unicorn,7
uniform,7
upgrade,7
vaccine,7
vampire,7
vanilla,7
Vatican,7
victory,7
village,7
villain,7
vinegar,7
vitamin,7
vlogger,7
volcano,7
vulture,7
wake up,7
weather,7
website,7
wedding,7
western,7
whisper,7
whistle,7
wingnut,7
witness,7
wrinkle,7
Youtube,7
zipline,7
actress,7
AirPods,7
airship,7
Algeria,7
anatomy,7
anchovy,7
ancient,7
antlers,7
Aquaman,7
ashtray,7
Austria,7
average,7
Bahamas,7
barrier,7
bedroom,7
Beijing,7
Bigfoot,7
blossom,7
blow up,7
booklet,7
boulder,7
bouquet,7
bow tie,7
braille,7
Britain,7
buffalo,7
bulldog,7
cabbage,7
capsule,7
capture,7
caramel,7
cashier,7
Cheetos,7
circuit,7
climber,7
clothes,7
college,7
cologne,7
company,7
cookout,7
copycat,7
corrida,7
cracker,7
cyclist,7
cyclops,7
Denmark,7
diverge,7
dogfish,7
doormat,7
dungeon,7
echidna,7
ellipse,7
excited,7
exhaust,7
explode,7
extinct,7
falafel,7
fallout,7
Finland,7
Firefox,7
flicker,7
forearm,7
Frisbee,7
Frogger,7
furious,7
furnace,7
gallery,7
give up,7
glacier,7
goddess,7
gondola,7
griffin,7
grow up,7
gumball,7
hallway,7
hangman,7
haunted,7
healthy,7
hipster,7
Hungary,7
Ice Age,7
jealous,7
Jupiter,7
kingdom,7
leopard,7
license,7
machete,7
marimba,7
Marines,7
mascara,7
measure,7
monocle,7
Monster,7
Morocco,7
MrBeast,7
mugshot,7
Netflix,7
nuclear,7
oatmeal,7
ocarina,7
offline,7
orchard,7
Pacific,7
package,7
parasol,7
parsley,7
pasture,7
Pegasus,7
pharaoh,7
phoenix,7
pianist,7
pitcher,7
plastic,7
polygon,7
Pompeii,7
Porsche,7
pothole,7
pottery,7
poutine,7
protect,7
protein,7
puberty,7
receipt,7
Red Sea,7
refresh,7
rhombus,7
rhubarb,7
romance,7
samurai,7
sandals,7
savanna,7
scalpel,7
scratch,7
section,7
seizure,7
seltzer,7
sheriff,7
shooter,7
Siberia,7
skillet,7
Somalia,7
Spotify,7
sticker,7
stubble,7
suburbs,7
swimmer,7
T-shirt,7
tangled,7
tea bag,7
theatre,7
tinfoil,7
toddler,7
Tom Cat,7
tsunami,7
tugboat,7
vehicle,7
Vietnam,7
Waluigi,7
warning,7
warrior,7
wetsuit,7
whiskey,7
Windows,7
workout,7
Yahtzee,7
aardvark,8
air horn,8
alphabet,8
aluminum,8
Among Us,8
armchair,8
asterisk,8
Atlantic,8
bachelor,8
ballroom,8
bankrupt,8
baseball,8
bathrobe,8
birdcage,8
Bob Ross,8
Broadway,8
bullseye,8
calamari,8
cardinal,8
cassette,8
checkers,8
chipmunk,8
chlorine,8
cinnamon,8
colander,8
Colombia,8
composer,8
concrete,8
conflict,8
contrast,8
converge,8
crayfish,8
crescent,8
criminal,8
currency,8
daydream,8
Dead Sea,8
defender,8
Democrat,8
disabled,8
disagree,8
division,8
dressing,8
driveway,8
dumbbell,8
dumpling,8
earmuffs,8
egg hunt,8
envelope,8
equation,8
explorer,8
eyeliner,8
eyepatch,8
football,8
footrest,8
Fortnite,8
Game Boy,8
gangrene,8
Godzilla,8
graphite,8
habanero,8
hair gel,8
hairband,8
headbutt,8
impostor,8
jet pack,8
Knuckles,8
kombucha,8
Kool-Aid,8
lacrosse,8
landfill,8
lavender,8
leggings,8
lip balm,8
majority,8
mousepad,8
movement,8
Napoleon,8
necklace,8
negative,8
New Year,8
New York,8
Nintendo,8
nitrogen,8
obsidian,8
Olympics,8
ornament,8
overalls,8
overpass,8
pacifier,8
painting,8
Pakistan,8
pandemic,8
parallel,8
Parmesan,8
passport,8
pedicure,8
pentagon,8
pharmacy,8
plankton,8
platform,8
prisoner,8
question,8
railroad,8
Rapunzel,8
recorder,8
Redditor,8
redstone,8
reporter,8
roadkill,8
sapphire,8
sardines,8
Savannah,8
scimitar,8
scorpion,8
Scrabble,8
shepherd,8
shoehorn,8
sidewalk,8
SIM card,8
ski lift,8
slippers,8
Slovakia,8
Snapchat,8
sneakers,8
Sriracha,8
stocking,8
strength,8
stroller,8
sunshine,8
swelling,8
symmetry,8
tapeworm,8
teenager,8
Terraria,8
Thailand,8
The Rock,8
theremin,8
tortilla,8
trousers,8
upstairs,8
Van Gogh,8
venomous,8
wardrobe,8
weakling,8
whiskers,8
windsock,8
Zimbabwe,8
zucchini,8
marathon,8
antelope,8
zeppelin,8
youtuber,8
yearbook,8
wrestler,8
wrapping,8
wireless,8
windmill,8
WhatsApp,8
werewolf,8
vuvuzela,8
violence,8
vertical,8
vacation,8
universe,8
unicycle,8
umbrella,8
tropical,8
trombone,8
triplets,8
tricycle,8
triangle,8
treasure,8
traveler,8
trapdoor,8
tortoise,8
tiramisu,8
tentacle,8
teaspoon,8
take off,8
tabletop,8
symphony,8
swimsuit,8
survivor,8
Superman,8
sunshade,8
suitcase,8
streamer,8
stingray,8
starfish,8
squirrel,8
sparkles,8
sombrero,8
snowball,8
slippery,8
Skrillex,8
Skittles,8
ski jump,8
skeleton,8
six pack,8
shoulder,8
shopping,8
shoelace,8
security,8
seashell,8
seahorse,8
sea lion,8
scribble,8
Scotland,8
scissors,8
sandwich,8
sailboat,8
rockstar,8
ringtone,8
revolver,8
religion,8
reindeer,8
raindrop,8
raincoat,8
Pringles,8
princess,8
pregnant,8
postcard,8
positive,8
Poseidon,8
Portugal,8
portrait,8
Popsicle,8
ponytail,8
platypus,8
pinwheel,8
pet shop,8
pet food,8
pendulum,8
pavement,8
password,8
parakeet,8
panpipes,8
nutshell,8
notebook,8
nostrils,8
neighbor,8
mustache,8
mushroom,8
murderer,8
Mr. Bean,8
mountain,8
mothball,8
mosquito,8
Minotaur,8
minority,8
minigolf,8
Miniclip,8
military,8
midnight,8
Mercedes,8
mechanic,8
meatloaf,8
meatball,8
mattress,8
matchbox,8
marigold,8
manicure,8
magician,8
magazine,8
macaroni,8
lollipop,8
lipstick,8
licorice,8
levitate,8
lemonade,8
language,8
landlord,8
keyboard,8
kangaroo,8
jalapeno,8
Iron Man,8
invasion,8
internet,8
insomnia,8
infinite,8
industry,8
hospital,8
homeless,8
Hercules,8
hedgehog,8
headband,8
headache,8
hazelnut,8
hay bale,8
hard hat,8
handicap,8
graffiti,8
goldfish,8
gasoline,8
gas mask,8
Garfield,8
gardener,8
gangster,8
frosting,8
freckles,8
fountain,8
fortress,8
forehead,8
flamingo,8
flagpole,8
firework,8
fireside,8
fireball,8
figurine,8
festival,8
Facebook,8
fabulous,8
exercise,8
espresso,8
engineer,8
employer,8
elevator,8
elephant,8
election,8
Einstein,8
eggplant,8
dynamite,8
drum kit,8
download,8
doorknob,8
dominoes,8
doghouse,8
distance,8
disaster,8
dinosaur,8
diagonal,8
detonate,8
delivery,8
Deadpool,8
daughter,8
dandruff,8
cylinder,8
customer,8
cupboard,8
cucumber,8
crucible,8
crossbow,8
corn dog,8
confused,8
computer,8
complete,8
comedian,8
collapse,8
cocktail,8
clarinet,8
chestnut,8
chemical,8
champion,8
chainsaw,8
Cerberus,8
cauldron,8
catapult,8
carnival,8
car wash,8
canister,8
campfire,8
calendar,8
bus stop,8
bunk bed,8
building,8
brunette,8
broccoli,8
bracelet,8
bookmark,8
blowfish,8
blizzard,8
birthday,8
bean bag,8
bathroom,8
basement,8
barbecue,8
Band-Aid,8
baguette,8
bagpipes,8
backpack,8
backflip,8
backbone,8
audience,8
Atlantis,8
asteroid,8
assassin,8
aquarium,8
applause,8
anteater,8
anaconda,8
airplane,8
aircraft,8
adorable,8
addition,8
accident,8
abstract,8
accordion,9
addiction,9
afterlife,9
albatross,9
alligator,9
ambulance,9
Amsterdam,9
animation,9
antivirus,9
apartment,9
apple pie,9
architect,9
Argentina,9
armadillo,9
astronaut,9
asymmetry,9
Australia,9
autograph,9
back pain,9
ballerina,9
barbarian,9
bartender,9
beanstalk,9
bear trap,9
bed sheet,9
Beethoven,9
billiards,9
bird bath,9
blindfold,9
blueberry,9
bodyguard,9
Bomberman,9
bookshelf,9
boomerang,9
brainwash,9
breakfast,9
broadcast,9
Bruce Lee,9
bulldozer,9
butterfly,9
Capricorn,9
cardboard,9
carnivore,9
carpenter,9
Cat Woman,9
cathedral,9
celebrate,9
celebrity,9
centipede,9
chameleon,9
champagne,9
Chewbacca,9
chihuahua,9
Chinatown,9
chocolate,9
Christmas,9
cigarette,9
classroom,9
clickbait,9
clownfish,9
cockroach,9
Colosseum,9
commander,9
communism,9
community,9
condiment,9
continent,9
corkscrew,9
cornfield,9
crocodile,9
croissant,9
dalmatian,9
dandelion,9
dashboard,9
deodorant,9
depressed,9
desperate,9
detective,9
dispenser,9
dollhouse,9
dragonfly,9
duct tape,9
Elon Musk,9
evaporate,9
evolution,9
Excalibur,9
excavator,9
explosion,9
eyeshadow,9
fast food,9
filmmaker,9
fingertip,9
firehouse,9
fireplace,9
fireproof,9
fish bowl,9
fisherman,9
frostbite,9
full moon,9
furniture,9
generator,9
gentleman,9
geography,9
gladiator,9
glowstick,9
godfather,9
golf cart,9
graveyard,9
hairbrush,9
hairspray,9
hamburger,9
handshake,9
harmonica,9
headboard,9
hibernate,9
high five,9
hilarious,9
Hollywood,9
honeycomb,9
hopscotch,9
horsewhip,9
hot sauce,9
hourglass,9
Hula Hoop,9
hypnotize,9
ice cream,9
incognito,9
injection,9
interview,9
invention,9
invisible,9
jellyfish,9
John Cena,9
jump rope,9
junk food,9
King Kong,9
Lady Gaga,9
landscape,9
Las Vegas,9
lava lamp,9
librarian,9
lightbulb,9
lightning,9
limousine,9
Lion King,9
magnifier,9
mannequin,9
margarine,9
marmalade,9
McDonalds,9
megaphone,9
meteorite,9
Microsoft,9
microwave,9
milkshake,9
Milky Way,9
Minecraft,9
Mona Lisa,9
motorbike,9
mousetrap,9
nail file,9
newspaper,9
nightclub,9
nightmare,9
nose hair,9
nose ring,9
nosebleed,9
orangutan,9
orchestra,9
paintball,9
palm tree,9
paper bag,9
parachute,9
peninsula,9
pensioner,9
Peppa Pig,9
pepperoni,9
periscope,9
Photoshop,9
pine cone,9
pineapple,9
Pinocchio,9
pistachio,9
pitchfork,9
poisonous,9
policeman,9
pollution,9
porcupine,9
Porky Pig,9
president,9
price tag,9
professor,9
promotion,9
quicksand,9
radiation,9
raspberry,9
reception,9
rectangle,9
recycling,9
roadblock,9
saltwater,9
sandstorm,9
satellite,9
saxophone,9
scarecrow,9
scientist,9
sculpture,9
seat belt,9
shipwreck,9
signature,9
Singapore,9
skydiving,9
slingshot,9
snowboard,9
snowflake,9
spaceship,9
spaghetti,9
Spartacus,9
spelunker,9
Spiderman,9
SpongeBob,9
sprinkler,9
Squidward,9
Star Wars,9
starfruit,9
Stone Age,9
stop sign,9
submarine,9
sunflower,9
surfboard,9
swordfish,9
tangerine,9
tarantula,9
telephone,9
telescope,9
Teletubby,9
tombstone,9
toothpick,9
tow truck,9
translate,9
trash can,9
treadmill,9
treehouse,9
Vault boy,9
vegetable,9
wallpaper,9
warehouse,9
water gun,9
waterfall,9
Wolverine,9
workplace,9
wrestling,9
xylophone,9
yardstick,9
shoulders,9
abandoned,9
afternoon,9
agreement,9
alchemist,9
Arthritis,9
artichoke,9
avalanche,9
back seat,9
badminton,9
Barcelona,9
birdhouse,9
blowtorch,9
blueprint,9
boyfriend,9
Brad Pitt,9
bug spray,9
cable car,9
cameraman,9
casserole,9
castanets,9
chapstick,9
chemistry,9
Chevrolet,9
Civil War,9
clipboard,9
Coca Cola,9
concealer,9
conductor,9
countdown,9
crab cake,9
cranberry,9
crosswalk,9
delicious,9
detergent,9
direction,9
dish soap,9
Dr. Seuss,9
drum roll,9
emergency,9
escalator,9
exhausted,9
exit ramp,9
extravert,9
fire hose,9
fist bump,9
fried egg,9
golf club,9
Greenland,9
groundhog,9
guacamole,9
gunpowder,9
handcuffs,9
handstand,9
harvester,9
herbivore,9
honeymoon,9
horseshoe,9
Indonesia,9
Instagram,9
introvert,9
Joe Biden,9
landslide,9
life buoy,9
Loch Ness,9
log flume,9
long coat,9
merengues,9
millipede,9
Moby Dick,9
mouse pad,9
music box,9
North Sea,9
nunchucks,9
olive oil,9
oven mitt,9
Overwatch,9
paparazzi,9
paperclip,9
passenger,9
PewDiePie,9
photobomb,9
pine tree,9
Pizza Hut,9
possessed,9
principal,9
protester,9
red panda,9
rock pool,9
shave ice,9
sheep dog,9
sideburns,9
sleepwalk,9
snowstorm,9
Socialism,9
speedboat,9
Starbucks,9
steampunk,9
stick man,9
stink bug,9
stockings,9
stopwatch,9
streetcar,9
swim ring,9
Taco Bell,9
Taj Mahal,9
tap dance,9
thumbs up,9
Tom Brady,9
Tom Hanks,9
trapezoid,9
underwear,9
wasteland,9
whirlpool,9
wind farm,9
Yogi Bear,9
zookeeper,9
Zoom call,9
atmosphere,10
background,10
black belt,10
board game,10
boiled egg,10
brainstorm,10
breakdance,10
brick wall,10
buttermilk,10
calculator,10
California,10
candy cane,10
cannonball,10
Capitalism,10
cargo ship,10
chalkboard,10
Cinderella,10
collarbone,10
conspiracy,10
contrabass,10
cuttlefish,10
Death Star,10
debit card,10
didgeridoo,10
disgusting,10
dishwasher,10
downstairs,10
Dr. Watson,10
dump truck,10
Ed Sheeran,10
elliptical,10
experiment,10
extinction,10
fairy tale,10
fanny pack,10
fertilizer,10
fettuccine,10
flying car,10
foundation,10
gamer girl,10
girlfriend,10
gold ingot,10
Goldilocks,10
gramophone,10
greenhouse,10
gymnastics,10
hair dryer,10
Illuminati,10
insulation,10
invincible,10
iron ingot,10
Jeff Bezos,10
Markiplier,10
medication,10
Mount Fuji,10
mozzarella,10
nightlight,10
North Pole,10
Notre-Dame,10
paper clip,10
plantation,10
plexiglass,10
power bank,10
prosciutto,10
protection,10
protractor,10
quarantine,10
quesadilla,10
race track,10
Republican,10
roadrunner,10
roast beef,10
roundabout,10
sea turtle,10
sea urchin,10
shot glass,10
smartphone,10
Snoop Dogg,10
snow globe,10
Snow White,10
snowmobile,10
South Park,10
South Pole,10
speed bump,10
sports car,10
Stonehenge,10
tambourine,10
tater tots,10
trampoline,10
translator,10
tug of war,10
tumbleweed,10
typewriter,10
university,10
Washington,10
watermelon,10
weatherman,10
wheelchair,10
whiteboard,10
yield sign,10
mont blanc,10
woodpecker,10
wonderland,10
wine glass,10
windshield,10
volleyball,10
Vin Diesel,10
video game,10
vegetarian,10
Usain Bolt,10
trick shot,10
toothpaste,10
toothbrush,10
tissue box,10
Terminator,10
television,10
teddy bear,10
tablecloth,10
superpower,10
sunglasses,10
Suez Canal,10
strawberry,10
Steve Jobs,10
space suit,10
skyscraper,10
skribbl.io,10
skateboard,10
silverware,10
semicircle,10
Scooby Doo,10
Robin Hood,10
rhinoceros,10
restaurant,10
reflection,10
red carpet,10
razorblade,10
rainforest,10
punishment,10
programmer,10
polar bear,10
pogo stick,10
playground,10
piggy bank,10
photograph,10
pharmacist,10
overweight,10
nutcracker,10
motorcycle,10
Morse code,10
Mont Blanc,10
microscope,10
microphone,10
mayonnaise,10
magic wand,10
Madagascar,10
lumberjack,10
London Eye,10
litter box,10
lightsaber,10
lighthouse,10
leprechaun,10
lawn mower,10
laboratory,10
Katy Perry,10
journalist,10
James Bond,10
jackhammer,10
Iron Giant,10
hovercraft,10
Home Alone,10
hitchhiker,10
high score,10
high heels,10
hieroglyph,10
helicopter,10
headphones,10
Happy Meal,10
gummy worm,10
gummy bear,10
guinea pig,10
guillotine,10
Great Wall,10
grapefruit,10
graduation,10
golden egg,10
gold chain,10
glue stick,10
flying pig,10
floodlight,10
flashlight,10
fist fight,10
fire truck,10
fire alarm,10
fingernail,10
Family Guy,10
fake teeth,10
face paint,10
earthquake,10
diss track,10
dictionary,10
Daffy Duck,10
coral reef,10
cookie jar,10
controller,10
commercial,10
comic book,10
chopsticks,10
chinchilla,10
chimpanzee,10
chestplate,10
chest hair,10
cheesecake,10
chandelier,10
cell phone,10
cappuccino,10
can opener,10
cab driver,10
bus driver,10
Bugs Bunny,10
bubble gum,10
broomstick,10
bricklayer,10
blacksmith,10
blackberry,10
black hole,10
binoculars,10
Bill Gates,10
battleship,10
basketball,10
aristocrat,10
apple seed,10
apocalypse,10
Antarctica,10
anglerfish,10
Angry Birds,11
barbed wire,11
bell pepper,11
bottle flip,11
butt cheeks,11
caterpillar,11
cauliflower,11
ceiling fan,11
cheerleader,11
coast guard,11
coffee shop,11
color-blind,11
comfortable,11
crawl space,11
credit card,11
Donald Duck,11
electrician,11
electricity,11
firecracker,11
firefighter,11
fishing rod,11
floppy disk,11
fly swatter,11
forest fire,11
grandmother,11
grasshopper,11
gravedigger,11
hair roller,11
Hello Kitty,11
hummingbird,11
imagination,11
Jackie Chan,11
Kim Jong-un,11
magic trick,11
marshmallow,11
motherboard,11
Mr Meeseeks,11
nail polish,11
Netherlands,11
New Zealand,11
North Korea,11
observatory,11
pencil case,11
photo frame,11
pirate ship,11
Playstation,11
pot of gold,11
sand castle,11
spray paint,11
Stegosaurus,11
supermarket,11
talent show,11
taxi driver,11
temperature,11
The Beatles,11
thermometer,11
Tooth Fairy,11
tuning fork,11
underground,11
underweight,11
water cycle,11
wheelbarrow,11
agriculture,11
baking soda,11
bench press,11
Berlin Wall,11
bubble wrap,11
bulletproof,11
Burger King,11
candy store,11
carrot cake,11
chewing gum,11
Coronavirus,11
countryside,11
cruise ship,11
Darth Vader,11
dining room,11
Donkey Kong,11
environment,11
executioner,11
fax machine,11
fingerprint,11
fishing net,11
force field,11
gas station,11
gingerbread,11
grandfather,11
Great Lakes,11
green beans,11
Grim Reaper,11
Guitar Hero,11
hairdresser,11
hash browns,11
high school,11
highlighter,11
hole in one,11
ice fishing,11
Jerry Mouse,11
leaf blower,11
machine gun,11
mathematics,11
Mexico City,11
Minesweeper,11
monkey bars,11
moon bounce,11
music notes,11
Oktoberfest,11
outer space,11
paper plane,11
paragliding,11
Philippines,11
philosopher,11
phone booth,11
photo booth,11
plastic bag,11
pomegranate,11
power lines,11
power plant,11
Pterodactyl,11
quarterback,11
rattlesnake,11
real estate,11
Renaissance,11
ring finger,11
Rollerblade,11
rubber band,11
Rubiks Cube,11
safety clip,11
screwdriver,11
Shakespeare,11
sock puppet,11
solar flare,11
solar panel,11
South Korea,11
speedometer,11
storm drain,11
subtraction,11
Switzerland,11
thumbs down,11
time travel,11
toxic waste,11
traffic jam,11
trench coat,11
Triceratops,11
uninhabited,11
upside down,11
ventilation,11
Wall Street,11
watch tower,11
water slide,11
water tower,11
White House,11
window sill,11
zodiac sign,11
baking sheet,12
baseball bat,12
black pepper,12
brain freeze,12
bus terminal,12
cheese stick,12
clothes iron,12
coffee maker,12
Connect Four,12
construction,12
cookie dough,12
crystal ball,12
Ferris wheel,12
Grand Canyon,12
handkerchief,12
hockey stick,12
Isaac Newton,12
LeBron James,12
Lisa Simpson,12
lobster roll,12
luggage cart,12
Machu Picchu,12
Machu-Picchu,12
Nicolas Cage,12
onion powder,12
paint roller,12
paper towels,12
pickup truck,12
plastic wrap,12
playing card,12
punching bag,12
Sandy Cheeks,12
South Africa,12
Soviet Union,12
spike strips,12
street light,12
sweet potato,12
tape measure,12
tech support,12
The Avengers,12
toilet brush,12
toilet paper,12
trailer park,12
utility pole,12
water bottle,12
water cooler,12
watering can,12
weather vane,12
wishing well,12
Yin and Yang,12
Wonder Woman,12
veterinarian,12
Velociraptor,12
truck driver,12
Tower Bridge,12
time machine,12
thunderstorm,12
table tennis,12
Solar System,12
social media,12
sledgehammer,12
skateboarder,12
relationship,12
receptionist,12
Pink Panther,12
pillow fight,12
photographer,12
notification,12
neighborhood,12
Mr. Meeseeks,12
Mickey Mouse,12
kindergarten,12
Johnny Bravo,12
Jesus Christ,12
intersection,12
Harry Potter,12
golden apple,12
Frankenstein,12
flamethrower,12
fire hydrant,12
fast forward,12
electric car,12
Eiffel tower,12
Easter Bunny,12
Donald Trump,12
cotton candy,12
conversation,12
Chuck Norris,12
cheeseburger,12
broken heart,12
Black Friday,12
belly button,12
Bart Simpson,12
Barack Obama,12
advertisement,13
archaeologist,13
demonstration,13
Finn and Jake,13
Green Lantern,13
Homer Simpson,13
hot chocolate,13
Jimmy Neutron,13
Mount Everest,13
Robbie Rotten,13
shaving cream,13
shopping cart,13
snake charmer,13
swimming pool,13
tennis racket,13
Tower of Pisa,13
traffic light,13
asteroid belt,13
baking powder,13
bowling alley,13
Brachiosaurus,13
business card,13
Charlie Brown,13
cinnamon roll,13
climbing wall,13
constellation,13
control tower,13
conveyor belt,13
defibrillator,13
dream catcher,13
Easter Island,13
fried chicken,13
garbage truck,13
garlic powder,13
graphics card,13
haunted house,13
honey mustard,13
Justin Bieber,13
laser pointer,13
Marge Simpson,13
North America,13
parking meter,13
peanut butter,13
plague doctor,13
Puss in Boots,13
reincarnation,13
rock climbing,13
Rocket League,13
rocking chair,13
shooting star,13
South America,13
train station,13
Venus flytrap,13
wrecking ball,13
car dealership,14
Christmas tree,14
fish and chips,14
global warming,14
grilled cheese,14
Gulf of Mexico,14
ice cream shop,14
Michael Jordan,14
multiplication,14
prime meridian,14
roller coaster,14
satellite dish,14
scrambled eggs,14
steering wheel,14
United Kingdom,14
Vladimir Putin,14
zebra crossing,14
Susan Wojcicki,14
snowball fight,14
sewing machine,14
Mount Rushmore,14
Morgan Freeman,14
Jack-o-lantern,14
fidget spinner,14
Cookie Monster,14
clothes hanger,14
cherry blossom,14
bungee jumping,14
Angelina Jolie,14
Abraham Lincoln,15
air conditioner,15
Captain America,15
Charlie Chaplin,15
Crash Bandicoot,15
electric guitar,15
fitness trainer,15
Fred Flintstone,15
ice cream truck,15
Mark Zuckerberg,15
Michael Jackson,15
Nintendo Switch,15
Northern Lights,15
procrastination,15
Sherlock Holmes,15
virtual reality,15
William Wallace,15
Winnie the Pooh,15
black and white,15
corn on the cob,15
drivers license,15
English Channel,15
hot air balloon,15
mashed potatoes,15
Queen Elizabeth,15
reading glasses,15
retirement home,15
Stephen Hawking,15
vending machine,15
washing machine,15
Christmas Island,16
demolition derby,16
Romeo and Juliet,16
Phineas and Ferb,16
pencil sharpener,16
flight attendant,16
fashion designer,16
Darwin Watterson,16
Leonardo da Vinci,17
Leonardo DiCaprio,17
Statue of Liberty,17
combine harvester,17
drinking fountain,17
fire extinguisher,17
George Washington,17
Lightning McQueen,17
mechanical pencil,17
railroad crossing,17
windshield wipers,17
Great Barrier Reef,18
Sydney Opera House,18
Leonardo Di Caprio,18
William Shakespeare,19
friendship bracelet,19
